               epoch,      train/box_loss,      train/obj_loss,      train/cls_loss,   metrics/precision,      metrics/recall,     metrics/mAP_0.5,metrics/mAP_0.5:0.95,        val/box_loss,        val/obj_loss,        val/cls_loss,               x/lr0,               x/lr1,               x/lr2
                   0,             0.12018,            0.048061,            0.037044,             0.15639,                 0.1,             0.04626,           0.0067477,             0.11697,            0.033552,            0.043512,                   0,                   0,                 0.1
                   1,             0.12402,            0.045483,            0.035808,             0.15615,                 0.1,            0.043483,            0.010368,             0.11564,             0.03389,            0.044514,          9.9998e-06,          9.9998e-06,             0.09991
                   2,             0.12246,            0.056053,            0.034685,             0.16359,                 0.1,            0.043565,            0.010405,             0.11549,            0.033846,            0.044379,          1.9998e-05,          1.9998e-05,             0.09982
                   3,             0.12228,            0.038474,            0.036193,             0.16178,            0.097067,            0.043526,           0.0069803,              0.1152,             0.03376,            0.044207,          2.9993e-05,          2.9993e-05,             0.09973
                   4,             0.12267,            0.040954,            0.034688,             0.15986,            0.095916,            0.043748,            0.010247,             0.11505,            0.033667,            0.044022,          3.9984e-05,          3.9984e-05,             0.09964
                   5,             0.12218,            0.037244,            0.036272,             0.15665,            0.093987,             0.04763,            0.010051,             0.11467,            0.033561,            0.043872,          4.9969e-05,          4.9969e-05,             0.09955
                   6,             0.12443,            0.044803,            0.036594,             0.16503,            0.099017,            0.047492,           0.0065385,               0.114,            0.033515,            0.043675,          5.9947e-05,          5.9947e-05,             0.09946
                   7,             0.12142,            0.049933,            0.035515,             0.16162,            0.096973,            0.047875,           0.0063874,             0.11339,            0.033487,            0.043499,          6.9915e-05,          6.9915e-05,             0.09937
                   8,             0.11912,            0.059676,            0.036162,             0.14564,                 0.1,            0.048116,            0.010444,             0.11268,            0.033444,            0.043352,          7.9874e-05,          7.9874e-05,             0.09928
                   9,             0.11964,            0.047243,            0.035022,            0.073103,                 0.1,            0.040297,           0.0088766,             0.11175,            0.033413,            0.043175,           8.982e-05,           8.982e-05,             0.09919
                  10,             0.12396,             0.05973,            0.035897,             0.07517,                 0.1,            0.035847,           0.0080031,             0.11082,            0.033399,             0.04299,          9.9753e-05,          9.9753e-05,              0.0991
                  11,             0.11767,            0.068217,            0.035018,            0.080984,                 0.1,            0.032871,           0.0081563,             0.10994,            0.033394,            0.042785,          0.00010967,          0.00010967,             0.09901
                  12,             0.11924,            0.066748,            0.034342,            0.054259,                 0.1,            0.030277,           0.0076117,             0.10896,            0.033419,            0.042485,          0.00011957,          0.00011957,             0.09892
                  13,             0.11965,            0.057758,            0.032943,            0.056408,                 0.1,            0.030769,            0.007712,             0.10773,            0.033434,            0.042429,          0.00012946,          0.00012946,            0.098829
                  14,             0.11728,            0.039702,            0.037662,            0.054195,                 0.1,            0.029537,           0.0056417,             0.10649,            0.033524,            0.042062,          0.00013932,          0.00013932,            0.098739
                  15,             0.11609,            0.037678,            0.032161,            0.053994,                 0.1,            0.030756,           0.0055261,             0.10509,             0.03352,            0.041915,          0.00014917,          0.00014917,            0.098649
                  16,             0.11728,            0.043293,            0.034182,            0.036931,             0.46717,            0.029841,           0.0055029,              0.1034,            0.033589,            0.041876,          0.00015899,          0.00015899,            0.098559
                  17,             0.11739,            0.052471,            0.032842,            0.041438,                 0.5,            0.030448,           0.0056078,             0.10182,            0.033603,            0.041672,          0.00016879,          0.00016879,            0.098469
                  18,             0.11757,            0.051934,             0.03495,            0.042012,                 0.5,            0.029865,           0.0056234,             0.10024,            0.033653,            0.041509,          0.00017857,          0.00017857,            0.098379
                  19,             0.11489,            0.049485,            0.032798,            0.042067,                 0.5,            0.028791,           0.0055704,            0.099021,            0.033667,            0.041367,          0.00018831,          0.00018831,            0.098288
                  20,             0.11703,            0.052546,            0.033857,            0.042666,                 0.5,            0.027846,           0.0054487,            0.097404,            0.033694,             0.04112,          0.00019803,          0.00019803,            0.098198
                  21,             0.11465,             0.03746,            0.033494,            0.045111,                 0.5,            0.026037,            0.005531,            0.095424,            0.033789,            0.040499,          0.00020772,          0.00020772,            0.098108
                  22,             0.11543,            0.036247,            0.036557,            0.024371,                 0.4,            0.016494,           0.0045651,            0.093503,            0.033852,            0.040252,          0.00021738,          0.00021738,            0.098017
                  23,             0.11334,            0.055167,            0.032628,             0.02539,                 0.4,            0.016025,           0.0045395,            0.091688,            0.033886,            0.040037,          0.00022701,          0.00022701,            0.097927
                  24,             0.11411,            0.044035,            0.033704,            0.019307,                 0.4,            0.015919,           0.0041896,            0.089816,            0.033932,            0.039562,          0.00023661,          0.00023661,            0.097837
                  25,             0.11096,            0.048529,            0.032278,             0.01898,                 0.4,            0.015663,           0.0041775,            0.087753,            0.034017,            0.039215,          0.00024617,          0.00024617,            0.097746
                  26,             0.11308,            0.050583,            0.032001,            0.019499,                 0.4,            0.015241,           0.0040674,            0.085879,             0.03403,            0.039095,          0.00025569,          0.00025569,            0.097656
                  27,              0.1075,            0.048735,            0.031785,            0.019385,                 0.4,            0.014352,           0.0039724,            0.083403,            0.034073,            0.038714,          0.00026518,          0.00026518,            0.097565
                  28,             0.11253,            0.049623,             0.03229,            0.016693,                 0.3,            0.015751,           0.0035765,            0.082055,            0.034118,            0.038452,          0.00027462,          0.00027462,            0.097475
                  29,             0.10975,            0.045449,            0.033652,            0.016585,                 0.3,             0.01335,           0.0033005,            0.081171,            0.034139,            0.038239,          0.00028403,          0.00028403,            0.097384
                  30,             0.11353,            0.050033,            0.031549,            0.016503,                 0.3,            0.013143,           0.0038467,             0.08041,            0.034119,            0.037854,          0.00029339,          0.00029339,            0.097293
                  31,             0.10605,            0.056289,            0.030355,            0.016585,                 0.3,            0.013267,           0.0038939,            0.080075,            0.034062,            0.037639,          0.00030271,          0.00030271,            0.097203
                  32,             0.10037,            0.053636,            0.028748,            0.016738,                 0.3,            0.012931,           0.0043515,            0.079706,             0.03408,            0.037207,          0.00031199,          0.00031199,            0.097112
                  33,             0.10716,             0.05128,             0.03204,            0.016895,                 0.3,            0.013063,           0.0040483,            0.079375,            0.034055,            0.036691,          0.00032122,          0.00032122,            0.097021
                  34,            0.098952,            0.050406,            0.030237,            0.017338,                 0.3,            0.013195,           0.0044673,            0.079454,            0.034054,            0.036241,           0.0003304,           0.0003304,             0.09693
                  35,             0.10098,            0.058396,            0.030959,            0.016076,             0.27924,            0.015048,           0.0048204,            0.079577,            0.034034,            0.035772,          0.00033954,          0.00033954,             0.09684
                  36,             0.10062,            0.050794,            0.031148,            0.017044,                 0.3,            0.014957,            0.005084,             0.07993,            0.034028,            0.035351,          0.00034862,          0.00034862,            0.096749
                  37,             0.10176,            0.054433,            0.029748,            0.037086,                 0.2,            0.022074,           0.0064916,            0.080069,            0.033985,            0.035039,          0.00035766,          0.00035766,            0.096658
                  38,            0.098095,            0.073496,            0.029757,            0.035438,                 0.2,            0.022431,           0.0065375,            0.080327,            0.033927,            0.034554,          0.00036664,          0.00036664,            0.096567
                  39,            0.088145,             0.05254,            0.026575,            0.034323,                 0.2,            0.021984,           0.0064546,            0.080266,             0.03387,            0.034112,          0.00037557,          0.00037557,            0.096476
                  40,             0.10001,              0.0522,            0.031864,            0.044143,                 0.2,             0.02348,           0.0067816,            0.080247,            0.033834,            0.033765,          0.00038444,          0.00038444,            0.096384
                  41,            0.099411,            0.057092,            0.028366,            0.044031,                 0.2,            0.024356,           0.0070703,            0.080171,            0.033788,            0.033359,          0.00039325,          0.00039325,            0.096293
                  42,             0.09727,            0.054201,            0.027478,             0.03942,                 0.2,            0.022984,           0.0066445,            0.079937,            0.033851,            0.032917,          0.00040201,          0.00040201,            0.096202
                  43,            0.095941,            0.071081,            0.027673,            0.033845,                 0.2,            0.024107,            0.006853,            0.079811,            0.033817,            0.032517,          0.00041071,          0.00041071,            0.096111
                  44,            0.093774,            0.043178,            0.030027,             0.04042,                 0.1,            0.023362,           0.0068118,            0.079557,            0.033815,            0.032053,          0.00041935,          0.00041935,            0.096019
                  45,            0.088127,            0.054377,            0.027284,            0.034194,                 0.2,            0.025098,           0.0061071,            0.079308,            0.033847,            0.031576,          0.00042793,          0.00042793,            0.095928
                  46,            0.098085,            0.055015,            0.027235,            0.048496,                 0.1,            0.025409,           0.0063506,            0.078972,             0.03386,            0.031135,          0.00043644,          0.00043644,            0.095836
                  47,             0.09179,            0.071998,            0.029701,            0.044265,                 0.1,            0.028624,           0.0067971,            0.078609,            0.033863,            0.030495,           0.0004449,           0.0004449,            0.095745
                  48,            0.092848,            0.040964,            0.028971,            0.056513,                 0.1,            0.030504,           0.0072464,             0.07819,            0.033885,            0.029967,          0.00045328,          0.00045328,            0.095653
                  49,            0.098059,            0.060179,            0.031263,            0.015395,                 0.3,            0.014619,           0.0054465,            0.077887,            0.033891,            0.029611,           0.0004616,           0.0004616,            0.095562
                  50,            0.097767,            0.063301,            0.029496,            0.015044,                 0.3,             0.01724,           0.0060787,            0.077605,            0.033919,            0.029257,          0.00046986,          0.00046986,             0.09547
                  51,            0.094981,            0.061008,            0.027237,            0.017889,                 0.5,             0.01725,           0.0061092,            0.077354,             0.03395,             0.02879,          0.00047804,          0.00047804,            0.095378
                  52,            0.089462,            0.053572,            0.025784,            0.015174,                 0.3,            0.017018,           0.0059568,            0.077168,            0.033923,            0.028528,          0.00048616,          0.00048616,            0.095286
                  53,            0.098168,            0.038921,            0.028427,            0.017813,                 0.5,            0.016959,           0.0055549,            0.076857,            0.033946,            0.028181,           0.0004942,           0.0004942,            0.095194
                  54,            0.092953,            0.039082,            0.026736,            0.018081,                 0.5,            0.017789,           0.0056858,             0.07638,            0.034006,            0.027821,          0.00050217,          0.00050217,            0.095102
                  55,            0.084595,            0.046282,            0.029403,            0.030034,                 0.5,            0.022555,           0.0058892,            0.076037,            0.034053,            0.027469,          0.00051007,          0.00051007,             0.09501
                  56,            0.086096,            0.055044,             0.02413,            0.030099,                 0.5,            0.023824,           0.0059944,            0.075588,            0.034093,            0.027171,           0.0005179,           0.0005179,            0.094918
                  57,            0.089688,            0.046014,            0.025947,            0.031759,                 0.4,            0.025383,            0.006066,            0.075265,            0.034148,            0.026888,          0.00052565,          0.00052565,            0.094826
                  58,            0.085778,            0.062517,            0.025113,            0.031098,                 0.4,            0.025832,           0.0061369,            0.075054,            0.034184,            0.026615,          0.00053332,          0.00053332,            0.094733
                  59,            0.090295,             0.07529,            0.027106,             0.09192,             0.09192,            0.042097,           0.0077569,            0.074806,            0.034213,            0.026319,          0.00054092,          0.00054092,            0.094641
                  60,            0.088996,            0.050847,            0.028643,             0.08617,                 0.1,            0.035513,           0.0070738,            0.074479,             0.03422,            0.026001,          0.00054843,          0.00054843,            0.094548
                  61,            0.081219,            0.073576,            0.026914,            0.091531,                 0.1,            0.041612,           0.0080025,            0.074112,            0.034262,            0.025703,          0.00055587,          0.00055587,            0.094456
                  62,            0.088985,            0.043444,            0.028822,            0.098536,                 0.1,            0.049807,            0.008846,            0.073786,            0.034238,            0.025465,          0.00056323,          0.00056323,            0.094363
                  63,            0.082162,              0.0689,            0.026989,             0.13602,                 0.1,            0.050165,           0.0088384,            0.073539,            0.034201,            0.025297,          0.00057051,          0.00057051,            0.094271
                  64,            0.085233,            0.053619,            0.027577,             0.23576,            0.094303,            0.069757,            0.016048,            0.073366,            0.034197,            0.025102,           0.0005777,           0.0005777,            0.094178
                  65,            0.079997,            0.064647,             0.02506,             0.20596,                 0.1,            0.070145,            0.016606,            0.073192,            0.034158,            0.024946,          0.00058482,          0.00058482,            0.094085
                  66,            0.083952,            0.049831,            0.024399,             0.22044,                 0.1,            0.071362,            0.011802,            0.072909,            0.034114,            0.024824,          0.00059184,          0.00059184,            0.093992
                  67,            0.086497,            0.087263,            0.023098,             0.21615,                 0.1,            0.071533,            0.016969,            0.072792,            0.034078,            0.024641,          0.00059878,          0.00059878,            0.093899
                  68,            0.081112,            0.069673,            0.024764,             0.23094,                 0.1,            0.072402,            0.017418,            0.072711,            0.033998,            0.024458,          0.00060564,          0.00060564,            0.093806
                  69,            0.083542,            0.071382,            0.025026,             0.22822,            0.091287,            0.072955,            0.012094,            0.072701,            0.033892,            0.024235,          0.00061241,          0.00061241,            0.093712
                  70,            0.082605,            0.073796,            0.022295,             0.24345,            0.097381,            0.073107,            0.012071,            0.072635,            0.033789,            0.024107,          0.00061909,          0.00061909,            0.093619
                  71,            0.069858,            0.039028,            0.025844,             0.18917,                 0.1,             0.12558,            0.028312,            0.072003,            0.033973,             0.02377,          0.00062568,          0.00062568,            0.093526
                  72,            0.085209,            0.038498,            0.022806,             0.18917,                 0.1,             0.12558,            0.028312,            0.072003,            0.033973,             0.02377,          0.00063219,          0.00063219,            0.093432
                  73,            0.074365,            0.039096,            0.019398,             0.24905,                 0.1,             0.12649,            0.038778,            0.071577,            0.034047,            0.023556,           0.0006386,           0.0006386,            0.093339
                  74,             0.07687,            0.061005,            0.019993,             0.24905,                 0.1,             0.12649,            0.038778,            0.071577,            0.034047,            0.023556,          0.00064492,          0.00064492,            0.093245
                  75,            0.082745,            0.062769,            0.021428,             0.24207,                 0.1,             0.12867,             0.03917,            0.071064,            0.034083,            0.023273,          0.00065115,          0.00065115,            0.093151
                  76,            0.082265,            0.081474,            0.025845,             0.24207,                 0.1,             0.12867,             0.03917,            0.071064,            0.034083,            0.023273,          0.00065728,          0.00065728,            0.093057
                  77,            0.079857,            0.054517,            0.024153,              0.3006,                 0.1,             0.13196,            0.044307,            0.070844,            0.034097,            0.023025,          0.00066333,          0.00066333,            0.092963
                  78,            0.073177,            0.053465,            0.019519,              0.3006,                 0.1,             0.13196,            0.044307,            0.070844,            0.034097,            0.023025,          0.00066928,          0.00066928,            0.092869
                  79,            0.075023,             0.03889,            0.019398,             0.24437,                 0.1,             0.13027,            0.038257,            0.070831,            0.033881,            0.023002,          0.00067513,          0.00067513,            0.092775
                  80,            0.073603,            0.068533,            0.020457,             0.24437,                 0.1,             0.13027,            0.038257,            0.070831,            0.033881,            0.023002,          0.00068089,          0.00068089,            0.092681
                  81,            0.078474,              0.0593,            0.021535,             0.33781,                 0.1,             0.13224,            0.038407,             0.07043,            0.033823,            0.022797,          0.00068655,          0.00068655,            0.092587
                  82,            0.081386,            0.056825,            0.021094,             0.33781,                 0.1,             0.13224,            0.038407,             0.07043,            0.033823,            0.022797,          0.00069211,          0.00069211,            0.092492
                  83,            0.081509,            0.044002,            0.023074,             0.30027,                 0.1,             0.13281,            0.038504,                0.07,            0.033852,            0.022564,          0.00069758,          0.00069758,            0.092398
                  84,            0.079364,            0.073258,             0.02453,             0.30027,                 0.1,             0.13281,            0.038504,                0.07,            0.033852,            0.022564,          0.00070295,          0.00070295,            0.092303
                  85,            0.076497,             0.04906,             0.01772,             0.40474,                 0.1,             0.13332,            0.038392,            0.070037,            0.033731,             0.02241,          0.00070822,          0.00070822,            0.092208
                  86,            0.075248,            0.058627,            0.021381,             0.40474,                 0.1,             0.13332,            0.038392,            0.070037,            0.033731,             0.02241,          0.00071338,          0.00071338,            0.092113
                  87,            0.076523,            0.067563,            0.017709,              0.3582,                 0.1,             0.13668,            0.048988,            0.069939,            0.033676,             0.02214,          0.00071845,          0.00071845,            0.092018
                  88,            0.079755,            0.062041,            0.021954,              0.3582,                 0.1,             0.13668,            0.048988,            0.069939,            0.033676,             0.02214,          0.00072342,          0.00072342,            0.091923
                  89,            0.070358,            0.053528,            0.017497,             0.24962,                 0.1,             0.12988,            0.037251,            0.070396,            0.033239,            0.022142,          0.00072829,          0.00072829,            0.091828
                  90,            0.077091,            0.070949,            0.021533,             0.24962,                 0.1,             0.12988,            0.037251,            0.070396,            0.033239,            0.022142,          0.00073305,          0.00073305,            0.091733
                  91,            0.079707,            0.067002,            0.021943,             0.28802,                 0.1,             0.13047,            0.047289,            0.070482,            0.033065,            0.022004,          0.00073772,          0.00073772,            0.091638
                  92,            0.070121,            0.042691,            0.017569,             0.28802,                 0.1,             0.13047,            0.047289,            0.070482,            0.033065,            0.022004,          0.00074228,          0.00074228,            0.091542
                  93,            0.081628,            0.081378,            0.022844,             0.46804,                 0.1,               0.135,            0.049128,            0.070495,            0.032968,            0.021839,          0.00074673,          0.00074673,            0.091447
                  94,            0.069382,            0.037651,            0.017773,             0.46804,                 0.1,               0.135,            0.049128,            0.070495,            0.032968,            0.021839,          0.00075108,          0.00075108,            0.091351
                  95,            0.082082,            0.058846,             0.02121,             0.38722,                 0.1,              0.1371,            0.038467,             0.07035,            0.032819,            0.021636,          0.00075533,          0.00075533,            0.091255
                  96,              0.0778,            0.065953,            0.022073,             0.38722,                 0.1,              0.1371,            0.038467,             0.07035,            0.032819,            0.021636,          0.00075948,          0.00075948,            0.091159
                  97,            0.074303,            0.051075,            0.020092,             0.28383,                 0.1,               0.139,            0.039325,            0.070194,            0.032709,            0.021409,          0.00076352,          0.00076352,            0.091064
                  98,            0.077318,            0.055845,            0.021507,             0.28383,                 0.1,               0.139,            0.039325,            0.070194,            0.032709,            0.021409,          0.00076745,          0.00076745,            0.090967
                  99,            0.079381,            0.059937,            0.019383,             0.43041,                 0.1,              0.1384,            0.043212,             0.07015,            0.032559,            0.021238,          0.00077128,          0.00077128,            0.090871
                 100,            0.077382,            0.048859,            0.024894,             0.43041,                 0.1,              0.1384,            0.043212,             0.07015,            0.032559,            0.021238,            0.000775,            0.000775,            0.090775
                 101,            0.078671,            0.068064,            0.018835,             0.43308,                 0.1,             0.14057,            0.033323,            0.069873,             0.03245,            0.021007,          0.00077862,          0.00077862,            0.090679
                 102,            0.078815,            0.062837,            0.022701,             0.43308,                 0.1,             0.14057,            0.033323,            0.069873,             0.03245,            0.021007,          0.00078212,          0.00078212,            0.090582
                 103,            0.077471,            0.086617,            0.021861,             0.48808,                 0.1,             0.14153,            0.023988,            0.069689,            0.032317,            0.020804,          0.00078553,          0.00078553,            0.090486
                 104,            0.048428,            0.039891,            0.014718,             0.48808,                 0.1,             0.14153,            0.023988,            0.069689,            0.032317,            0.020804,          0.00078882,          0.00078882,            0.090389
                 105,            0.071729,            0.075641,            0.016945,             0.74515,                 0.1,             0.09271,            0.024849,            0.069653,            0.032165,            0.020633,          0.00079201,          0.00079201,            0.090292
                 106,            0.079449,            0.033264,            0.017229,             0.74515,                 0.1,             0.09271,            0.024849,            0.069653,            0.032165,            0.020633,          0.00079509,          0.00079509,            0.090195
                 107,             0.07839,            0.051098,            0.021802,             0.74612,                 0.1,             0.14524,            0.020098,            0.069631,            0.032054,            0.020514,          0.00079806,          0.00079806,            0.090098
                 108,            0.073808,            0.045839,            0.020968,             0.74612,                 0.1,             0.14524,            0.020098,            0.069631,            0.032054,            0.020514,          0.00080093,          0.00080093,            0.090001
                 109,            0.079021,            0.069832,            0.018858,             0.74935,                 0.1,             0.14334,            0.030248,            0.069491,            0.031976,            0.020387,          0.00080369,          0.00080369,            0.089904
                 110,            0.072385,            0.067759,            0.017183,             0.74935,                 0.1,             0.14334,            0.030248,            0.069491,            0.031976,            0.020387,          0.00080633,          0.00080633,            0.089806
                 111,            0.070636,            0.040827,            0.022252,             0.91459,                 0.1,             0.14785,            0.020891,            0.069733,            0.031842,            0.020231,          0.00080888,          0.00080888,            0.089709
                 112,            0.072309,            0.079241,            0.018546,             0.91459,                 0.1,             0.14785,            0.020891,            0.069733,            0.031842,            0.020231,          0.00081131,          0.00081131,            0.089611
                 113,             0.06915,            0.054738,            0.017144,             0.97063,                 0.1,             0.14945,             0.02255,            0.070076,            0.031772,            0.020087,          0.00081363,          0.00081363,            0.089514
                 114,            0.073836,            0.050703,            0.021477,             0.97063,                 0.1,             0.14945,             0.02255,            0.070076,            0.031772,            0.020087,          0.00081585,          0.00081585,            0.089416
                 115,            0.065437,            0.052857,            0.017638,              0.9764,                 0.1,             0.15338,            0.024245,            0.069822,            0.031699,             0.01987,          0.00081796,          0.00081796,            0.089318
                 116,            0.068384,            0.067508,             0.01951,              0.9764,                 0.1,             0.15338,            0.024245,            0.069822,            0.031699,             0.01987,          0.00081995,          0.00081995,             0.08922
                 117,             0.06914,            0.082446,            0.018256,             0.97916,                 0.1,             0.15426,            0.024727,            0.069899,             0.03157,            0.019756,          0.00082185,          0.00082185,            0.089122
                 118,            0.073105,            0.052366,            0.015695,             0.97916,                 0.1,             0.15426,            0.024727,            0.069899,             0.03157,            0.019756,          0.00082363,          0.00082363,            0.089024
                 119,            0.073084,            0.064825,            0.019473,             0.98718,                 0.1,             0.15415,            0.035831,            0.069945,             0.03151,            0.019651,           0.0008253,           0.0008253,            0.088925
                 120,            0.072782,            0.048897,            0.018314,             0.98718,                 0.1,             0.15415,            0.035831,            0.069945,             0.03151,            0.019651,          0.00082687,          0.00082687,            0.088827
                 121,            0.071004,            0.035401,            0.024738,              0.9839,                 0.1,              0.1555,            0.025804,            0.069542,            0.031487,            0.019525,          0.00082833,          0.00082833,            0.088728
                 122,            0.071095,            0.051127,            0.025308,              0.9839,                 0.1,              0.1555,            0.025804,            0.069542,            0.031487,            0.019525,          0.00082968,          0.00082968,             0.08863
                 123,            0.071345,            0.055441,            0.017378,              0.9888,                 0.1,             0.16272,            0.039313,            0.069243,            0.031397,            0.019355,          0.00083092,          0.00083092,            0.088531
                 124,            0.078944,            0.051536,             0.02057,              0.9888,                 0.1,             0.16272,            0.039313,            0.069243,            0.031397,            0.019355,          0.00083206,          0.00083206,            0.088432
                 125,             0.06966,             0.05328,            0.014657,             0.99298,                 0.1,             0.15555,            0.037728,             0.06875,              0.0313,            0.019187,          0.00083309,          0.00083309,            0.088333
                 126,            0.068389,            0.054755,            0.016516,             0.99298,                 0.1,             0.15555,            0.037728,             0.06875,              0.0313,            0.019187,          0.00083401,          0.00083401,            0.088234
                 127,             0.06931,            0.048986,             0.01489,               0.997,                 0.1,             0.15763,            0.050773,            0.068092,            0.031202,            0.019021,          0.00083482,          0.00083482,            0.088135
                 128,            0.060206,            0.040812,            0.014894,               0.997,                 0.1,             0.15763,            0.050773,            0.068092,            0.031202,            0.019021,          0.00083553,          0.00083553,            0.088036
                 129,            0.077813,            0.047574,            0.018533,             0.99605,                 0.1,             0.15825,            0.051305,            0.067841,            0.031071,             0.01888,          0.00083613,          0.00083613,            0.087936
                 130,            0.074615,            0.049042,            0.016042,             0.99605,                 0.1,             0.15825,            0.051305,            0.067841,            0.031071,             0.01888,          0.00083663,          0.00083663,            0.087837
                 131,            0.073503,            0.041955,            0.014665,             0.99901,                 0.1,             0.16039,            0.051534,             0.06739,            0.031003,            0.018732,          0.00083702,          0.00083702,            0.087737
                 132,            0.062673,            0.033113,            0.012851,             0.99901,                 0.1,             0.16039,            0.051534,             0.06739,            0.031003,            0.018732,           0.0008373,           0.0008373,            0.087637
                 133,            0.065401,            0.031167,            0.013482,             0.99397,                 0.1,             0.15792,            0.063085,            0.065742,            0.030938,            0.018575,          0.00083749,          0.00083749,            0.087537
                 134,            0.070088,            0.049082,            0.020739,             0.99397,                 0.1,             0.15792,            0.063085,            0.065742,            0.030938,            0.018575,          0.00083756,          0.00083756,            0.087438
                 135,            0.054225,            0.042108,            0.011982,             0.99569,                 0.1,              0.1594,            0.051105,            0.065881,            0.030802,            0.018416,          0.00083753,          0.00083753,            0.087338
                 136,            0.069409,            0.068995,            0.017053,             0.99569,                 0.1,              0.1594,            0.051105,            0.065881,            0.030802,            0.018416,           0.0008374,           0.0008374,            0.087237
                 137,            0.074284,            0.060534,            0.020124,             0.63573,             0.29825,             0.19944,            0.044757,            0.065953,            0.030685,            0.018269,          0.00083717,          0.00083717,            0.087137
                 138,            0.071012,               0.045,            0.014971,             0.63573,             0.29825,             0.19944,            0.044757,            0.065953,            0.030685,            0.018269,          0.00083683,          0.00083683,            0.087037
                 139,            0.061664,            0.050814,            0.013727,             0.63589,                 0.3,             0.20093,            0.066823,            0.066913,            0.030563,            0.018167,          0.00083639,          0.00083639,            0.086936
                 140,            0.066303,            0.044536,            0.016486,             0.63589,                 0.3,             0.20093,            0.066823,            0.066913,            0.030563,            0.018167,          0.00083585,          0.00083585,            0.086836
                 141,             0.06721,            0.068185,            0.015648,              0.6496,                 0.3,             0.20668,             0.12431,            0.067193,            0.030412,            0.018043,          0.00083521,          0.00083521,            0.086735
                 142,            0.072947,            0.047414,            0.020496,              0.6496,                 0.3,             0.20668,             0.12431,            0.067193,            0.030412,            0.018043,          0.00083447,          0.00083447,            0.086634
                 143,            0.065284,            0.060202,            0.014361,             0.13275,                 0.4,             0.20462,             0.12343,            0.067056,            0.030309,            0.017899,          0.00083363,          0.00083363,            0.086534
                 144,            0.067612,             0.05557,            0.021993,             0.13275,                 0.4,             0.20462,             0.12343,            0.067056,            0.030309,            0.017899,          0.00083269,          0.00083269,            0.086433
                 145,            0.060577,            0.058735,            0.016471,             0.12454,             0.39816,             0.19981,             0.11288,            0.066687,            0.030281,            0.017763,          0.00083165,          0.00083165,            0.086332
                 146,            0.071911,            0.061329,            0.020138,             0.12454,             0.39816,             0.19981,             0.11288,            0.066687,            0.030281,            0.017763,          0.00083051,          0.00083051,            0.086231
                 147,            0.065788,            0.067702,             0.01693,             0.12397,                 0.4,             0.20053,              0.1033,            0.066339,            0.030162,            0.017644,          0.00082928,          0.00082928,            0.086129
                 148,            0.067854,            0.032835,            0.019682,             0.12397,                 0.4,             0.20053,              0.1033,            0.066339,            0.030162,            0.017644,          0.00082795,          0.00082795,            0.086028
                 149,            0.067473,            0.059305,            0.017117,             0.11632,             0.39443,             0.20362,             0.11207,            0.065956,            0.030082,            0.017521,          0.00082652,          0.00082652,            0.085927
                 150,              0.0671,            0.044007,            0.012694,             0.11632,             0.39443,             0.20362,             0.11207,            0.065956,            0.030082,            0.017521,            0.000825,            0.000825,            0.085825
                 151,            0.062989,            0.052492,             0.01076,             0.12446,             0.39785,             0.20795,             0.10419,            0.065152,            0.030053,             0.01744,          0.00082338,          0.00082338,            0.085723
                 152,            0.061098,            0.058381,            0.016372,             0.12446,             0.39785,             0.20795,             0.10419,            0.065152,            0.030053,             0.01744,          0.00082168,          0.00082168,            0.085622
                 153,            0.060273,            0.072911,            0.013452,             0.14194,             0.39667,             0.21637,             0.10184,            0.064832,            0.029899,            0.017355,          0.00081987,          0.00081987,             0.08552
                 154,            0.065302,            0.086679,            0.014886,             0.14194,             0.39667,             0.21637,             0.10184,            0.064832,            0.029899,            0.017355,          0.00081798,          0.00081798,            0.085418
                 155,            0.074265,            0.042352,             0.02097,             0.13225,                 0.4,             0.21902,             0.10831,            0.064322,            0.029847,            0.017191,            0.000816,            0.000816,            0.085316
                 156,            0.067807,            0.058505,            0.011495,             0.13225,                 0.4,             0.21902,             0.10831,            0.064322,            0.029847,            0.017191,          0.00081392,          0.00081392,            0.085214
                 157,            0.071397,            0.084318,            0.019436,             0.13273,                 0.4,             0.21842,             0.10815,            0.064022,            0.029795,            0.017101,          0.00081176,          0.00081176,            0.085112
                 158,            0.065269,            0.054089,            0.015465,             0.13273,                 0.4,             0.21842,             0.10815,            0.064022,            0.029795,            0.017101,          0.00080951,          0.00080951,             0.08501
                 159,            0.057037,            0.059036,            0.013941,             0.13285,             0.39815,             0.21914,             0.10833,            0.064786,             0.02967,            0.017041,          0.00080717,          0.00080717,            0.084907
                 160,            0.061616,            0.047779,              0.0112,             0.13285,             0.39815,             0.21914,             0.10833,            0.064786,             0.02967,            0.017041,          0.00080474,          0.00080474,            0.084805
                 161,            0.058273,            0.049911,            0.011636,             0.69983,             0.19977,             0.21968,             0.11375,            0.064214,            0.029584,            0.016947,          0.00080223,          0.00080223,            0.084702
                 162,            0.063242,            0.049571,            0.013506,             0.69983,             0.19977,             0.21968,             0.11375,            0.064214,            0.029584,            0.016947,          0.00079963,          0.00079963,              0.0846
                 163,            0.064906,            0.053397,            0.017246,              0.6358,                 0.3,               0.213,             0.10978,            0.063528,            0.029535,            0.016834,          0.00079695,          0.00079695,            0.084497
                 164,             0.05647,            0.042344,            0.013516,              0.6358,                 0.3,               0.213,             0.10978,            0.063528,            0.029535,            0.016834,          0.00079419,          0.00079419,            0.084394
                 165,            0.061776,            0.037122,            0.013984,             0.66591,                 0.2,             0.21011,            0.085487,            0.063612,            0.029544,            0.016753,          0.00079135,          0.00079135,            0.084291
                 166,            0.057615,            0.031845,            0.012065,             0.66591,                 0.2,             0.21011,            0.085487,            0.063612,            0.029544,            0.016753,          0.00078842,          0.00078842,            0.084188
                 167,            0.067278,            0.057453,            0.018595,             0.69915,                 0.2,             0.21518,            0.087076,            0.063877,            0.029477,            0.016683,          0.00078542,          0.00078542,            0.084085
                 168,            0.057273,            0.028985,            0.010279,             0.69915,                 0.2,             0.21518,            0.087076,            0.063877,            0.029477,            0.016683,          0.00078234,          0.00078234,            0.083982
                 169,            0.061026,            0.034773,            0.011281,             0.69998,                 0.2,             0.21247,             0.09684,            0.063907,            0.029444,            0.016567,          0.00077918,          0.00077918,            0.083879
                 170,            0.060605,            0.039556,            0.012945,             0.69998,                 0.2,             0.21247,             0.09684,            0.063907,            0.029444,            0.016567,          0.00077595,          0.00077595,            0.083776
                 171,            0.058206,            0.032368,            0.011006,             0.69969,                 0.2,             0.21598,             0.11365,            0.064067,            0.029386,            0.016483,          0.00077264,          0.00077264,            0.083673
                 172,            0.061729,             0.05424,            0.016596,             0.69969,                 0.2,             0.21598,             0.11365,            0.064067,            0.029386,            0.016483,          0.00076926,          0.00076926,            0.083569
                 173,            0.060279,            0.050877,            0.011227,             0.66648,                 0.2,             0.20989,             0.12744,            0.064304,            0.029227,            0.016411,           0.0007658,           0.0007658,            0.083466
                 174,            0.054991,            0.048513,            0.011656,             0.66648,                 0.2,             0.20989,             0.12744,            0.064304,            0.029227,            0.016411,          0.00076228,          0.00076228,            0.083362
                 175,            0.054906,            0.044428,            0.015368,             0.69865,              0.1982,             0.20187,             0.11594,            0.064389,            0.029074,            0.016346,          0.00075868,          0.00075868,            0.083259
                 176,            0.067298,            0.037238,             0.01477,             0.69865,              0.1982,             0.20187,             0.11594,            0.064389,            0.029074,            0.016346,          0.00075502,          0.00075502,            0.083155
                 177,            0.055478,            0.043834,            0.014826,             0.69989,                 0.2,             0.21475,             0.12175,            0.063512,            0.029023,            0.016274,          0.00075128,          0.00075128,            0.083051
                 178,            0.067081,            0.038056,            0.012632,             0.69989,                 0.2,             0.21475,             0.12175,            0.063512,            0.029023,            0.016274,          0.00074749,          0.00074749,            0.082947
                 179,            0.060621,            0.053052,            0.014555,             0.69996,                 0.2,             0.21799,             0.11232,            0.063816,            0.028919,            0.016189,          0.00074362,          0.00074362,            0.082844
                 180,            0.058459,            0.032112,            0.010081,             0.69996,                 0.2,             0.21799,             0.11232,            0.063816,            0.028919,            0.016189,           0.0007397,           0.0007397,             0.08274
                 181,            0.061607,            0.052252,            0.017474,             0.69998,                 0.2,             0.22071,            0.099553,            0.063607,            0.028861,            0.016101,          0.00073571,          0.00073571,            0.082636
                 182,            0.057353,            0.045016,            0.011037,             0.69998,                 0.2,             0.22071,            0.099553,            0.063607,            0.028861,            0.016101,          0.00073166,          0.00073166,            0.082532
                 183,            0.061573,            0.040461,            0.018056,             0.69965,                 0.2,             0.22407,             0.10392,            0.063276,            0.028826,            0.016036,          0.00072755,          0.00072755,            0.082428
                 184,            0.052434,            0.050095,           0.0098389,             0.69965,                 0.2,             0.22407,             0.10392,            0.063276,            0.028826,            0.016036,          0.00072338,          0.00072338,            0.082323
                 185,            0.061192,            0.055843,            0.019162,             0.66637,             0.29929,             0.22758,             0.10497,            0.062749,            0.028753,            0.015995,          0.00071916,          0.00071916,            0.082219
                 186,            0.051439,              0.0429,            0.013383,             0.66637,             0.29929,             0.22758,             0.10497,            0.062749,            0.028753,            0.015995,          0.00071488,          0.00071488,            0.082115
                 187,            0.057591,            0.049553,            0.010281,             0.64993,                 0.3,             0.21591,             0.12916,            0.062298,            0.028649,            0.015951,          0.00071055,          0.00071055,            0.082011
                 188,            0.057226,            0.050589,            0.012517,             0.64993,                 0.3,             0.21591,             0.12916,            0.062298,            0.028649,            0.015951,          0.00070616,          0.00070616,            0.081906
                 189,            0.064419,            0.048799,            0.016126,             0.69988,             0.19983,             0.22439,             0.10397,            0.062884,            0.028565,            0.015899,          0.00070173,          0.00070173,            0.081802
                 190,             0.06245,            0.038388,            0.013546,             0.69988,             0.19983,             0.22439,             0.10397,            0.062884,            0.028565,            0.015899,          0.00069724,          0.00069724,            0.081697
                 191,            0.050657,            0.036952,            0.012533,             0.74948,                 0.2,             0.23933,              0.1231,            0.061407,            0.028559,             0.01587,          0.00069271,          0.00069271,            0.081593
                 192,             0.06056,            0.044784,            0.011469,             0.74948,                 0.2,             0.23933,              0.1231,            0.061407,            0.028559,             0.01587,          0.00068813,          0.00068813,            0.081488
                 193,             0.06066,            0.066926,            0.015224,             0.66662,                 0.3,             0.23524,             0.12796,            0.061311,            0.028466,            0.015818,           0.0006835,           0.0006835,            0.081384
                 194,            0.056393,            0.036246,            0.010899,             0.66662,                 0.3,             0.23524,             0.12796,            0.061311,            0.028466,            0.015818,          0.00067883,          0.00067883,            0.081279
                 195,            0.055118,            0.047177,           0.0090548,             0.69965,                 0.2,             0.23356,            0.096298,            0.061605,            0.028431,            0.015793,          0.00067412,          0.00067412,            0.081174
                 196,            0.054276,            0.037028,           0.0097623,             0.69965,                 0.2,             0.23356,            0.096298,            0.061605,            0.028431,            0.015793,          0.00066937,          0.00066937,            0.081069
                 197,            0.054323,            0.044156,           0.0097504,             0.74973,                 0.2,              0.2411,             0.11289,            0.062166,            0.028345,            0.015784,          0.00066458,          0.00066458,            0.080965
                 198,            0.056652,            0.042978,            0.014714,             0.74973,                 0.2,              0.2411,             0.11289,            0.062166,            0.028345,            0.015784,          0.00065976,          0.00065976,             0.08086
                 199,            0.059212,            0.056757,            0.014104,             0.69985,              0.1998,              0.2269,             0.10605,            0.062198,            0.028313,            0.015731,           0.0006549,           0.0006549,            0.080755
                 200,            0.054436,            0.052813,            0.015373,             0.69985,              0.1998,              0.2269,             0.10605,            0.062198,            0.028313,            0.015731,             0.00065,             0.00065,             0.08065
                 201,            0.059707,            0.059425,            0.012823,             0.74977,             0.19972,             0.24217,            0.088354,            0.062054,            0.028204,            0.015685,          0.00064507,          0.00064507,            0.080545
                 202,            0.054784,            0.039015,            0.012537,             0.74977,             0.19972,             0.24217,            0.088354,            0.062054,            0.028204,            0.015685,          0.00064011,          0.00064011,             0.08044
                 203,            0.064543,             0.04044,            0.015084,             0.69996,                 0.2,             0.22915,             0.10638,            0.061262,            0.028109,            0.015576,          0.00063513,          0.00063513,            0.080335
                 204,            0.055113,             0.04145,             0.01404,             0.69996,                 0.2,             0.22915,             0.10638,            0.061262,            0.028109,            0.015576,          0.00063011,          0.00063011,             0.08023
                 205,             0.06521,            0.046257,            0.019256,             0.74901,                 0.2,             0.24216,             0.12362,            0.060603,            0.028019,            0.015531,          0.00062507,          0.00062507,            0.080125
                 206,             0.04675,            0.027764,            0.012394,             0.74901,                 0.2,             0.24216,             0.12362,            0.060603,            0.028019,            0.015531,          0.00062001,          0.00062001,             0.08002
                 207,            0.054753,            0.051523,            0.020545,             0.74912,                 0.2,             0.24216,             0.12361,            0.059908,            0.027985,            0.015485,          0.00061492,          0.00061492,            0.079915
                 208,            0.055225,            0.034562,            0.012208,             0.74912,                 0.2,             0.24216,             0.12361,            0.059908,            0.027985,            0.015485,          0.00060981,          0.00060981,             0.07981
                 209,            0.060106,            0.059732,            0.015155,             0.74962,                 0.2,             0.24216,             0.12564,             0.05944,            0.027945,            0.015461,          0.00060469,          0.00060469,            0.079705
                 210,            0.045302,            0.030068,           0.0099063,             0.74962,                 0.2,             0.24216,             0.12564,             0.05944,            0.027945,            0.015461,          0.00059954,          0.00059954,              0.0796
                 211,            0.059324,            0.041124,            0.010711,             0.74982,                 0.2,              0.2397,             0.12501,              0.0591,            0.027918,            0.015424,          0.00059438,          0.00059438,            0.079494
                 212,            0.055395,            0.049784,            0.011278,             0.74982,                 0.2,              0.2397,             0.12501,              0.0591,            0.027918,            0.015424,          0.00058921,          0.00058921,            0.079389
                 213,            0.061815,            0.040591,            0.017545,             0.74986,                 0.2,             0.24533,             0.10269,            0.059294,            0.027842,            0.015348,          0.00058403,          0.00058403,            0.079284
                 214,            0.054125,            0.044906,           0.0093403,             0.74986,                 0.2,             0.24533,             0.10269,            0.059294,            0.027842,            0.015348,          0.00057883,          0.00057883,            0.079179
                 215,            0.060744,            0.043593,           0.0097404,             0.74986,                 0.2,             0.24533,             0.10269,            0.059294,            0.027842,            0.015348,          0.00057363,          0.00057363,            0.079074
                 216,            0.056097,            0.067587,            0.012924,             0.83314,             0.19977,             0.26432,             0.13742,            0.059578,            0.027746,            0.015327,          0.00056842,          0.00056842,            0.078968
                 217,             0.05165,            0.034172,           0.0067861,             0.83314,             0.19977,             0.26432,             0.13742,            0.059578,            0.027746,            0.015327,          0.00056321,          0.00056321,            0.078863
                 218,            0.060241,            0.040971,            0.013663,             0.83314,             0.19977,             0.26432,             0.13742,            0.059578,            0.027746,            0.015327,          0.00055799,          0.00055799,            0.078758
                 219,             0.05743,            0.035603,            0.010454,              0.8332,                 0.2,             0.27168,             0.13873,            0.059998,            0.027625,            0.015273,          0.00055278,          0.00055278,            0.078653
                 220,            0.054392,            0.034789,            0.006288,              0.8332,                 0.2,             0.27168,             0.13873,            0.059998,            0.027625,            0.015273,          0.00054756,          0.00054756,            0.078548
                 221,            0.058674,            0.054247,            0.014736,              0.8332,                 0.2,             0.27168,             0.13873,            0.059998,            0.027625,            0.015273,          0.00054235,          0.00054235,            0.078442
                 222,            0.054806,             0.04438,            0.010289,             0.83325,              0.1999,             0.26346,             0.14685,            0.060831,            0.027515,            0.015335,          0.00053714,          0.00053714,            0.078337
                 223,             0.05538,            0.045294,            0.010301,             0.83325,              0.1999,             0.26346,             0.14685,            0.060831,            0.027515,            0.015335,          0.00053193,          0.00053193,            0.078232
                 224,            0.058761,            0.042524,            0.011926,             0.83325,              0.1999,             0.26346,             0.14685,            0.060831,            0.027515,            0.015335,          0.00052674,          0.00052674,            0.078127
                 225,            0.056444,            0.036136,             0.01218,             0.66664,                 0.4,             0.27599,             0.12656,            0.060385,            0.027391,            0.015334,          0.00052155,          0.00052155,            0.078022
                 226,            0.052676,            0.048447,            0.010313,             0.66664,                 0.4,             0.27599,             0.12656,            0.060385,            0.027391,            0.015334,          0.00051638,          0.00051638,            0.077916
                 227,            0.053611,            0.066752,            0.013195,             0.66664,                 0.4,             0.27599,             0.12656,            0.060385,            0.027391,            0.015334,          0.00051122,          0.00051122,            0.077811
                 228,            0.051307,            0.045869,           0.0094898,             0.83281,                 0.2,             0.27621,             0.15165,            0.060478,            0.027271,            0.015329,          0.00050608,          0.00050608,            0.077706
                 229,            0.052609,            0.043302,             0.01868,             0.83281,                 0.2,             0.27621,             0.15165,            0.060478,            0.027271,            0.015329,          0.00050095,          0.00050095,            0.077601
                 230,            0.056491,            0.028416,            0.014679,             0.83281,                 0.2,             0.27621,             0.15165,            0.060478,            0.027271,            0.015329,          0.00049585,          0.00049585,            0.077496
                 231,            0.057469,            0.035737,           0.0090295,             0.83331,             0.19998,             0.26962,             0.14591,            0.061078,            0.027207,            0.015284,          0.00049076,          0.00049076,            0.077391
                 232,            0.059824,            0.031306,            0.010536,             0.83331,             0.19998,             0.26962,             0.14591,            0.061078,            0.027207,            0.015284,           0.0004857,           0.0004857,            0.077286
                 233,            0.052407,            0.067565,             0.01141,             0.83331,             0.19998,             0.26962,             0.14591,            0.061078,            0.027207,            0.015284,          0.00048066,          0.00048066,            0.077181
                 234,            0.058115,            0.039129,            0.021817,             0.83324,             0.19989,             0.27317,             0.14995,            0.060429,            0.027133,             0.01525,          0.00047565,          0.00047565,            0.077076
                 235,            0.053623,            0.048932,           0.0092996,             0.83324,             0.19989,             0.27317,             0.14995,            0.060429,            0.027133,             0.01525,          0.00047067,          0.00047067,            0.076971
                 236,            0.049581,            0.043491,            0.008291,             0.83324,             0.19989,             0.27317,             0.14995,            0.060429,            0.027133,             0.01525,          0.00046572,          0.00046572,            0.076866
                 237,            0.058434,            0.038221,            0.015682,             0.83328,             0.19993,             0.27383,             0.15397,            0.060689,            0.027064,            0.015247,           0.0004608,           0.0004608,            0.076761
                 238,            0.060956,            0.032965,            0.012029,             0.83328,             0.19993,             0.27383,             0.15397,            0.060689,            0.027064,            0.015247,          0.00045592,          0.00045592,            0.076656
                 239,             0.06151,            0.037095,            0.012073,             0.83328,             0.19993,             0.27383,             0.15397,            0.060689,            0.027064,            0.015247,          0.00045107,          0.00045107,            0.076551
                 240,            0.050843,            0.033842,           0.0094948,             0.83302,                 0.2,             0.27975,              0.1508,            0.060404,            0.027005,             0.01526,          0.00044626,          0.00044626,            0.076446
                 241,            0.051877,            0.030469,            0.010407,             0.83302,                 0.2,             0.27975,              0.1508,            0.060404,            0.027005,             0.01526,          0.00044149,          0.00044149,            0.076341
                 242,            0.049576,             0.03848,            0.010563,             0.83302,                 0.2,             0.27975,              0.1508,            0.060404,            0.027005,             0.01526,          0.00043677,          0.00043677,            0.076237
                 243,            0.054877,            0.047427,            0.013493,             0.74935,                 0.2,             0.25703,              0.1215,            0.059925,            0.026998,            0.015208,          0.00043209,          0.00043209,            0.076132
                 244,            0.055905,            0.034629,            0.012829,             0.74935,                 0.2,             0.25703,              0.1215,            0.059925,            0.026998,            0.015208,          0.00042745,          0.00042745,            0.076027
                 245,            0.062245,               0.039,            0.015016,             0.74935,                 0.2,             0.25703,              0.1215,            0.059925,            0.026998,            0.015208,          0.00042287,          0.00042287,            0.075923
                 246,            0.050614,            0.044734,            0.010735,             0.69973,                 0.2,             0.25319,              0.1291,            0.059907,            0.026938,            0.015173,          0.00041833,          0.00041833,            0.075818
                 247,            0.053207,            0.059287,            0.011527,             0.69973,                 0.2,             0.25319,              0.1291,            0.059907,            0.026938,            0.015173,          0.00041384,          0.00041384,            0.075714
                 248,            0.052765,            0.043538,            0.018461,             0.69973,                 0.2,             0.25319,              0.1291,            0.059907,            0.026938,            0.015173,          0.00040941,          0.00040941,            0.075609
                 249,            0.053538,            0.039159,            0.015885,             0.69986,             0.19982,             0.25373,             0.14619,            0.059528,              0.0269,            0.015102,          0.00040504,          0.00040504,            0.075505
                 250,            0.054554,            0.042244,            0.011992,             0.69986,             0.19982,             0.25373,             0.14619,            0.059528,              0.0269,            0.015102,          0.00040072,          0.00040072,            0.075401
                 251,            0.058645,            0.042437,            0.019471,             0.69986,             0.19982,             0.25373,             0.14619,            0.059528,              0.0269,            0.015102,          0.00039646,          0.00039646,            0.075296
                 252,            0.056667,            0.047253,            0.016267,             0.74984,              0.1998,             0.26722,             0.14943,             0.05905,             0.02688,            0.015039,          0.00039227,          0.00039227,            0.075192
                 253,            0.054278,            0.055111,            0.011535,             0.74984,              0.1998,             0.26722,             0.14943,             0.05905,             0.02688,            0.015039,          0.00038814,          0.00038814,            0.075088
                 254,            0.054154,            0.041652,           0.0096031,             0.74984,              0.1998,             0.26722,             0.14943,             0.05905,             0.02688,            0.015039,          0.00038407,          0.00038407,            0.074984
                 255,            0.056008,             0.03378,            0.012352,             0.64998,                 0.3,             0.25574,             0.14163,            0.058416,            0.026877,            0.014959,          0.00038007,          0.00038007,             0.07488
                 256,            0.055645,            0.054583,            0.012431,             0.64998,                 0.3,             0.25574,             0.14163,            0.058416,            0.026877,            0.014959,          0.00037614,          0.00037614,            0.074776
                 257,            0.055887,            0.058771,            0.013377,             0.64998,                 0.3,             0.25574,             0.14163,            0.058416,            0.026877,            0.014959,          0.00037228,          0.00037228,            0.074672
                 258,            0.058372,            0.040227,            0.014247,             0.69991,                 0.2,             0.24934,             0.13887,            0.058328,            0.026797,             0.01493,           0.0003685,           0.0003685,            0.074568
                 259,            0.049385,            0.036367,            0.010048,             0.69991,                 0.2,             0.24934,             0.13887,            0.058328,            0.026797,             0.01493,          0.00036479,          0.00036479,            0.074465
                 260,            0.055906,            0.042928,            0.014006,             0.69991,                 0.2,             0.24934,             0.13887,            0.058328,            0.026797,             0.01493,          0.00036115,          0.00036115,            0.074361
                 261,            0.054746,            0.041298,            0.014445,             0.74982,                 0.2,             0.26858,             0.16132,            0.057929,            0.026718,            0.014905,           0.0003576,           0.0003576,            0.074258
                 262,            0.056945,            0.031311,           0.0085382,             0.74982,                 0.2,             0.26858,             0.16132,            0.057929,            0.026718,            0.014905,          0.00035412,          0.00035412,            0.074154
                 263,            0.066858,            0.056309,            0.017371,             0.74982,                 0.2,             0.26858,             0.16132,            0.057929,            0.026718,            0.014905,          0.00035073,          0.00035073,            0.074051
                 264,            0.060217,            0.047933,            0.012241,             0.74916,                 0.2,             0.26681,             0.14313,            0.057831,            0.026716,            0.014852,          0.00034743,          0.00034743,            0.073947
                 265,            0.057022,            0.045146,            0.014518,             0.74916,                 0.2,             0.26681,             0.14313,            0.057831,            0.026716,            0.014852,          0.00034421,          0.00034421,            0.073844
                 266,            0.056728,            0.036726,            0.011004,             0.74916,                 0.2,             0.26681,             0.14313,            0.057831,            0.026716,            0.014852,          0.00034107,          0.00034107,            0.073741
                 267,            0.047022,            0.040637,            0.009903,             0.68652,             0.29782,             0.27352,             0.13813,            0.058402,            0.026672,            0.014836,          0.00033803,          0.00033803,            0.073638
                 268,            0.054183,            0.061216,            0.015228,             0.68652,             0.29782,             0.27352,             0.13813,            0.058402,            0.026672,            0.014836,          0.00033508,          0.00033508,            0.073535
                 269,            0.051279,            0.037325,            0.011016,             0.68652,             0.29782,             0.27352,             0.13813,            0.058402,            0.026672,            0.014836,          0.00033223,          0.00033223,            0.073432
                 270,            0.055454,            0.042765,            0.011145,             0.74998,                 0.4,             0.33923,              0.1596,             0.05793,            0.026582,            0.014764,          0.00032947,          0.00032947,            0.073329
                 271,            0.053447,            0.048341,            0.013216,             0.74998,                 0.4,             0.33923,              0.1596,             0.05793,            0.026582,            0.014764,           0.0003268,           0.0003268,            0.073227
                 272,            0.051429,            0.060001,            0.010155,             0.74998,                 0.4,             0.33923,              0.1596,             0.05793,            0.026582,            0.014764,          0.00032424,          0.00032424,            0.073124
                 273,            0.050571,            0.057922,            0.011649,             0.74985,                 0.4,             0.33755,             0.15911,            0.057964,            0.026532,            0.014709,          0.00032178,          0.00032178,            0.073022
                 274,            0.049787,            0.039546,            0.015701,             0.74985,                 0.4,             0.33755,             0.15911,            0.057964,            0.026532,            0.014709,          0.00031942,          0.00031942,            0.072919
                 275,            0.049422,             0.03326,           0.0080172,             0.74985,                 0.4,             0.33755,             0.15911,            0.057964,            0.026532,            0.014709,          0.00031717,          0.00031717,            0.072817
                 276,            0.047244,            0.030918,           0.0073703,             0.74989,                 0.4,             0.33653,             0.15885,            0.057577,            0.026487,            0.014734,          0.00031502,          0.00031502,            0.072715
                 277,            0.050834,            0.041014,            0.010154,             0.74989,                 0.4,             0.33653,             0.15885,            0.057577,            0.026487,            0.014734,          0.00031298,          0.00031298,            0.072613
                 278,            0.049049,            0.052549,            0.011334,             0.74989,                 0.4,             0.33653,             0.15885,            0.057577,            0.026487,            0.014734,          0.00031105,          0.00031105,            0.072511
                 279,            0.057874,             0.03254,            0.014816,             0.83293,                 0.4,             0.36685,             0.15667,            0.057509,            0.026422,            0.014696,          0.00030924,          0.00030924,            0.072409
                 280,            0.049255,            0.054442,            0.011985,             0.83293,                 0.4,             0.36685,             0.15667,            0.057509,            0.026422,            0.014696,          0.00030753,          0.00030753,            0.072308
                 281,            0.067167,            0.035561,            0.022719,             0.83293,                 0.4,             0.36685,             0.15667,            0.057509,            0.026422,            0.014696,          0.00030595,          0.00030595,            0.072206
                 282,            0.053396,             0.05032,            0.012006,             0.77914,                 0.4,               0.344,             0.16006,            0.057297,            0.026384,            0.014687,          0.00030448,          0.00030448,            0.072104
                 283,            0.051322,            0.055449,            0.011846,             0.77914,                 0.4,               0.344,             0.16006,            0.057297,            0.026384,            0.014687,          0.00030313,          0.00030313,            0.072003
                 284,             0.05799,            0.043755,            0.011794,             0.77914,                 0.4,               0.344,             0.16006,            0.057297,            0.026384,            0.014687,           0.0003019,           0.0003019,            0.071902
                 285,            0.053771,            0.041998,            0.014128,             0.74944,                 0.4,             0.34099,             0.15689,            0.057356,            0.026361,            0.014676,          0.00030079,          0.00030079,            0.071801
                 286,            0.058755,            0.041586,            0.019623,             0.74944,                 0.4,             0.34099,             0.15689,            0.057356,            0.026361,            0.014676,          0.00029981,          0.00029981,              0.0717
                 287,            0.062056,            0.036771,            0.014192,             0.74944,                 0.4,             0.34099,             0.15689,            0.057356,            0.026361,            0.014676,          0.00029895,          0.00029895,            0.071599
                 288,             0.05733,            0.030292,           0.0090594,             0.68717,                 0.3,             0.27823,             0.14509,            0.057667,            0.026373,             0.01465,          0.00029822,          0.00029822,            0.071498
                 289,            0.060464,            0.040782,            0.016971,             0.68717,                 0.3,             0.27823,             0.14509,            0.057667,            0.026373,             0.01465,          0.00029762,          0.00029762,            0.071398
                 290,            0.057191,             0.05068,            0.013123,             0.68717,                 0.3,             0.27823,             0.14509,            0.057667,            0.026373,             0.01465,          0.00029715,          0.00029715,            0.071297
                 291,            0.052632,            0.043877,           0.0078585,             0.68714,                 0.3,             0.28173,             0.14568,            0.057748,             0.02636,            0.014631,          0.00029681,          0.00029681,            0.071197
                 292,            0.052462,             0.03657,            0.011999,             0.68714,                 0.3,             0.28173,             0.14568,            0.057748,             0.02636,            0.014631,          0.00029661,          0.00029661,            0.071097
                 293,               0.052,             0.04415,            0.018128,             0.68714,                 0.3,             0.28173,             0.14568,            0.057748,             0.02636,            0.014631,          0.00029654,          0.00029654,            0.070997
                 294,            0.052245,            0.031008,            0.013023,             0.68745,                 0.3,             0.28324,             0.14256,            0.057858,            0.026289,            0.014605,          0.00029661,          0.00029661,            0.070897
                 295,            0.048969,            0.035299,            0.012839,             0.68745,                 0.3,             0.28324,             0.14256,            0.057858,            0.026289,            0.014605,          0.00029682,          0.00029682,            0.070797
                 296,            0.059257,            0.040003,             0.01262,             0.68745,                 0.3,             0.28324,             0.14256,            0.057858,            0.026289,            0.014605,          0.00029717,          0.00029717,            0.070697
                 297,            0.063215,            0.036892,            0.015338,             0.74971,                 0.4,              0.3432,             0.16128,            0.057402,            0.026246,            0.014561,          0.00029766,          0.00029766,            0.070598
                 298,            0.055875,            0.051142,            0.012774,             0.74971,                 0.4,              0.3432,             0.16128,            0.057402,            0.026246,            0.014561,          0.00029829,          0.00029829,            0.070498
                 299,            0.046588,              0.0394,            0.011588,             0.74971,                 0.4,              0.3432,             0.16128,            0.057402,            0.026246,            0.014561,          0.00029907,          0.00029907,            0.070399
